{
  "sections": {
    "hero": {
      "type": "hero",
      "settings": {
        "overlay_opacity": 40,
        "label": "",
        "title": "Elevate Your Style",
        "description": "Discover our curated collection of premium products designed for the modern lifestyle.",
        "content_alignment": "left",
        "button_text": "Shop Now",
        "button_link": "shopify://collections/all",
        "button_style": "solid",
        "button_size": "large",
        "color_scheme": "scheme-1",
        "full_width": false,
        "show_scroll_indicator": true
      }
    },
    "marquee": {
      "type": "marquee",
      "blocks": {
        "text_1": {
          "type": "text",
          "settings": {
            "text": "Free Shipping",
            "outline": false
          }
        },
        "sep_1": {
          "type": "separator",
          "settings": {
            "style": "icon",
            "icon": "star-four"
          }
        },
        "text_2": {
          "type": "text",
          "settings": {
            "text": "New Arrivals",
            "outline": true
          }
        },
        "sep_2": {
          "type": "separator",
          "settings": {
            "style": "icon",
            "icon": "star-four"
          }
        },
        "text_3": {
          "type": "text",
          "settings": {
            "text": "Limited Edition",
            "outline": false
          }
        },
        "sep_3": {
          "type": "separator",
          "settings": {
            "style": "icon",
            "icon": "star-four"
          }
        }
      },
      "block_order": [
        "text_1",
        "sep_1",
        "text_2",
        "sep_2",
        "text_3",
        "sep_3"
      ],
      "settings": {
        "speed": 30,
        "direction": "left",
        "pause_on_hover": true,
        "color_scheme": ""
      }
    },
    "featured_collection": {
      "type": "featured-collection",
      "settings": {
        "collection": "",
        "label": "",
        "title": "",
        "description": "",
        "header_alignment": "left",
        "products_to_show": 4,
        "columns": 4,
        "show_vendor": false,
        "show_view_all": true,
        "view_all_text": "View All",
        "full_width": false,
        "color_scheme": "scheme-2"
      }
    },
    "image_with_text": {
      "type": "image-with-text",
      "blocks": {
        "stat_1": {
          "type": "stat",
          "settings": {
            "number": "10+",
            "label": "Years"
          }
        },
        "stat_2": {
          "type": "stat",
          "settings": {
            "number": "50K",
            "label": "Customers"
          }
        }
      },
      "block_order": [
        "stat_1",
        "stat_2"
      ],
      "settings": {
        "image_ratio": "4/5",
        "label": "Our Story",
        "title": "Crafted With Purpose",
        "text": "<p>We believe in creating products that stand the test of time. Each piece is thoughtfully designed and meticulously crafted using the finest materials and traditional techniques.</p>",
        "button_text": "Learn More",
        "button_link": "",
        "layout": "image_left",
        "full_width": false,
        "remove_padding": false,
        "color_scheme": "scheme-1"
      }
    },
    "featured_blog_GWjPQG": {
      "type": "featured-blog",
      "name": "Featured Blog",
      "settings": {
        "blog": "",
        "label": "",
        "title": "",
        "description": "",
        "header_alignment": "left",
        "posts_to_show": 4,
        "columns": 3,
        "feature_first": true,
        "show_tags": true,
        "show_excerpt": true,
        "show_author": true,
        "show_read_more": true,
        "show_view_all": true,
        "view_all_text": "View All",
        "full_width": false,
        "color_scheme": "scheme-2"
      }
    },
    "testimonials_UML8MP": {
      "type": "testimonials",
      "blocks": {
        "testimonial_BF9x6V": {
          "type": "testimonial",
          "settings": {
            "quote": "Absolutely love my purchase! The quality is incredible and it arrived faster than expected. Will definitely be ordering again.",
            "rating": 5,
            "author": "Sarah Johnson",
            "author_title": "Verified Buyer"
          }
        },
        "testimonial_6aGUB4": {
          "type": "testimonial",
          "settings": {
            "quote": "Best customer service I've ever experienced. They went above and beyond to help me with my order.",
            "rating": 5,
            "author": "Michael Chen",
            "author_title": "Loyal Customer"
          }
        },
        "testimonial_H7jk47": {
          "type": "testimonial",
          "settings": {
            "quote": "I've recommended this to all my friends. The attention to detail is remarkable and the craftsmanship is outstanding.",
            "rating": 5,
            "author": "Emily Davis",
            "author_title": "Repeat Customer"
          }
        },
        "testimonial_FKV7Ym": {
          "type": "testimonial",
          "settings": {
            "quote": "This exceeded all my expectations. The quality speaks for itself and shipping was incredibly fast.",
            "rating": 5,
            "author": "David Wilson",
            "author_title": "Verified Buyer"
          }
        },
        "testimonial_dH4rBy": {
          "type": "testimonial",
          "settings": {
            "quote": "Finally found a brand that actually delivers on its promises. Worth every penny and then some.",
            "rating": 5,
            "author": "Rachel Thompson",
            "author_title": "First-time Buyer"
          }
        },
        "testimonial_H4HFVR": {
          "type": "testimonial",
          "settings": {
            "quote": "Outstanding quality and the packaging was beautiful. Felt like opening a gift. Can't wait to order more.",
            "rating": 5,
            "author": "James Martinez",
            "author_title": "Repeat Customer"
          }
        }
      },
      "block_order": [
        "testimonial_BF9x6V",
        "testimonial_6aGUB4",
        "testimonial_H7jk47",
        "testimonial_FKV7Ym",
        "testimonial_dH4rBy",
        "testimonial_H4HFVR"
      ],
      "name": "Testimonials",
      "settings": {
        "label": "Testimonials",
        "title": "What Our Customers Say",
        "header_alignment": "left",
        "show_rating": true,
        "full_width": false,
        "color_scheme": "scheme-1"
      }
    },
    "newsletter": {
      "type": "newsletter",
      "settings": {
        "design": "side-by-side",
        "title": "Want product news and updates?",
        "text": "Subscribe to our newsletter for exclusive updates and special offers.",
        "button_text": "Subscribe",
        "privacy_text": "We care about your data. Read our",
        "privacy_link": "",
        "privacy_link_text": "privacy policy",
        "color_scheme": "scheme-2"
      }
    }
  },
  "order": [
    "hero",
    "marquee",
    "featured_collection",
    "image_with_text",
    "featured_blog_GWjPQG",
    "testimonials_UML8MP",
    "newsletter"
  ]
}
