{
  "sections": {
    "hero": {
      "type": "hero",
      "settings": {
        "overlay_opacity": 20,
        "label": "",
        "title": "Sound Perfected",
        "description": "Engineered for those who demand more.",
        "content_alignment": "center",
        "button_text": "Shop Now",
        "button_link": "shopify://collections/all",
        "button_style": "solid",
        "button_size": "large",
        "color_scheme": "scheme-3",
        "full_width": true,
        "show_scroll_indicator": true
      }
    },
    "featured_collection": {
      "type": "featured-collection",
      "settings": {
        "label": "",
        "title": "Featured",
        "description": "",
        "collection": "",
        "products_count": 4,
        "columns": 4,
        "show_view_all": true,
        "full_width": false,
        "color_scheme": "scheme-1"
      }
    },
    "image_with_text": {
      "type": "image-with-text",
      "settings": {
        "image_ratio": "1/1",
        "label": "",
        "title": "Designed for Life",
        "text": "<p>Every product is crafted with precision, built to perform, and designed to fit seamlessly into your world. No excess. No compromise. Just pure function.</p>",
        "button_text": "Learn More",
        "button_link": "shopify://pages/about",
        "layout": "image_left",
        "full_width": true,
        "remove_padding": true,
        "color_scheme": "scheme-1"
      }
    },
    "text_reveal": {
      "type": "text-reveal",
      "settings": {
        "label": "",
        "text": "Less noise.\nMore *signal*.",
        "subtext": "",
        "header_alignment": "center",
        "button_text": "",
        "button_link": "",
        "show_background_number": false,
        "background_number": "",
        "full_width": false,
        "color_scheme": "scheme-3",
        "accent_color": ""
      }
    },
    "featured_collection_2": {
      "type": "featured-collection",
      "settings": {
        "label": "",
        "title": "Best Sellers",
        "description": "",
        "collection": "",
        "products_count": 4,
        "columns": 4,
        "show_view_all": true,
        "full_width": false,
        "color_scheme": "scheme-1"
      }
    },
    "features_grid": {
      "type": "features-grid",
      "blocks": {
        "feature_1": {
          "type": "feature",
          "settings": {
            "icon": "lightning",
            "title": "Fast Charging",
            "text": "0 to 100% in under an hour.",
            "link_text": "",
            "link": ""
          }
        },
        "feature_2": {
          "type": "feature",
          "settings": {
            "icon": "bluetooth",
            "title": "Seamless Connection",
            "text": "Pairs instantly. Works everywhere.",
            "link_text": "",
            "link": ""
          }
        },
        "feature_3": {
          "type": "feature",
          "settings": {
            "icon": "drop",
            "title": "Water Resistant",
            "text": "Built to handle anything.",
            "link_text": "",
            "link": ""
          }
        },
        "feature_4": {
          "type": "feature",
          "settings": {
            "icon": "battery-full",
            "title": "All-Day Battery",
            "text": "40+ hours of listening.",
            "link_text": "",
            "link": ""
          }
        }
      },
      "block_order": [
        "feature_1",
        "feature_2",
        "feature_3",
        "feature_4"
      ],
      "settings": {
        "label": "",
        "title": "Built Different",
        "description": "",
        "header_alignment": "center",
        "layout": "standard",
        "columns": 4,
        "full_width": false,
        "color_scheme": "scheme-2"
      }
    },
    "image_with_text_2": {
      "type": "image-with-text",
      "settings": {
        "image_ratio": "16/9",
        "label": "",
        "title": "Immersive Sound",
        "text": "<p>Active noise cancellation meets spatial audio. Hear every detail. Feel every beat. Experience music the way it was meant to be heard.</p>",
        "button_text": "Explore",
        "button_link": "shopify://collections/all",
        "layout": "image_right",
        "full_width": true,
        "remove_padding": true,
        "color_scheme": "scheme-3"
      }
    },
    "testimonials": {
      "type": "testimonials",
      "blocks": {
        "testimonial_1": {
          "type": "testimonial",
          "settings": {
            "quote": "The best headphones I've ever owned. Period.",
            "rating": 5,
            "author": "David L.",
            "author_title": "Verified Buyer"
          }
        },
        "testimonial_2": {
          "type": "testimonial",
          "settings": {
            "quote": "Clean design, incredible sound. Exactly what I was looking for.",
            "rating": 5,
            "author": "Sarah K.",
            "author_title": "Verified Buyer"
          }
        },
        "testimonial_3": {
          "type": "testimonial",
          "settings": {
            "quote": "Worth every penny. The build quality is exceptional.",
            "rating": 5,
            "author": "Michael R.",
            "author_title": "Verified Buyer"
          }
        }
      },
      "block_order": [
        "testimonial_1",
        "testimonial_2",
        "testimonial_3"
      ],
      "settings": {
        "label": "",
        "title": "Reviews",
        "header_alignment": "center",
        "show_rating": true,
        "full_width": false,
        "color_scheme": "scheme-1"
      }
    },
    "newsletter": {
      "type": "newsletter",
      "settings": {
        "design": "side-by-side",
        "title": "Stay Updated",
        "text": "New releases. Exclusive offers. No spam.",
        "button_text": "Subscribe",
        "privacy_text": "Read our",
        "privacy_link": "",
        "privacy_link_text": "privacy policy",
        "color_scheme": "scheme-2"
      }
    }
  },
  "order": [
    "hero",
    "featured_collection",
    "image_with_text",
    "text_reveal",
    "featured_collection_2",
    "features_grid",
    "image_with_text_2",
    "testimonials",
    "newsletter"
  ]
}
