{
  "name": "Footer",
  "type": "footer",
  "sections": {
    "footer": {
      "type": "footer",
      "blocks": {
        "brand_BzLHiG": {
          "type": "brand",
          "disabled": true,
          "settings": {
            "description": "Your brand tagline or brief description goes here.",
            "show_social": false
          }
        },
        "navigation": {
          "type": "navigation",
          "settings": {
            "menu": "footer"
          }
        },
        "newsletter_d4xaqD": {
          "type": "newsletter",
          "disabled": true,
          "settings": {
            "heading": "Subscribe to our newsletter",
            "description": "Get the latest updates and offers."
          }
        },
        "social": {
          "type": "social",
          "settings": {}
        },
        "payment": {
          "type": "payment",
          "disabled": true,
          "settings": {
            "grayscale": false
          }
        },
        "copyright": {
          "type": "copyright",
          "settings": {}
        },
        "back_to_top": {
          "type": "back_to_top",
          "settings": {}
        }
      },
      "block_order": [
        "brand_BzLHiG",
        "navigation",
        "newsletter_d4xaqD",
        "social",
        "payment",
        "copyright",
        "back_to_top"
      ],
      "settings": {
        "footer_design": "minimal",
        "enable_reveal_effect": true,
        "full_width": false,
        "color_scheme": ""
      }
    }
  },
  "order": [
    "footer"
  ]
}
