{
  "current": {
    "logo_width": 120,
    "logo_width_mobile": 100,
    "color_sale": "#dc2626",
    "type_body_font": "inter_n4",
    "type_header_font": "inter_n6",
    "body_scale": 100,
    "heading_scale": 100,
    "headings_uppercase": true,
    "page_width": 1280,
    "page_vertical_padding": 80,
    "section_vertical_padding": 80,
    "enable_smooth_scroll": true,
    "enable_page_transitions": true,
    "page_transition_style": "slide",
    "enable_animations": true,
    "animation_trigger_offset": "md",
    "button_radius": 0,
    "button_border_width": 1,
    "button_shadow": "none",
    "input_radius": 0,
    "input_border_width": 1,
    "card_radius": 0,
    "card_border_width": 0,
    "card_shadow": "none",
    "product_card_image_ratio": "portrait",
    "show_vendor": true,
    "enable_quick_view": true,
    "enable_compare": true,
    "show_sale_badge": true,
    "sale_badge_style": "percentage",
    "social_instagram_link": "#",
    "social_facebook_link": "#",
    "social_twitter_link": "#",
    "social_tiktok_link": "#",
    "social_youtube_link": "#",
    "social_pinterest_link": "#",
    "cart_type": "drawer",
    "free_shipping_threshold": "100",
    "show_social_proof": true,
    "social_proof_type": "both",
    "popup_enabled": true,
    "popup_trigger": "exit",
    "popup_image": "",
    "popup_show_discount": true,
    "popup_layout": "side_image",
    "popup_size": "medium",
    "content_for_index": [],
    "color_schemes": {
      "scheme-1": {
        "settings": {
          "background": "#ffffff",
          "background_gradient": "",
          "text": "#111827",
          "text_secondary": "#6b7280",
          "primary": "#4f46e5",
          "primary_contrast": "#ffffff",
          "border": "#e5e7eb"
        }
      },
      "scheme-2": {
        "settings": {
          "background": "#f9fafb",
          "background_gradient": "",
          "text": "#111827",
          "text_secondary": "#6b7280",
          "primary": "#4f46e5",
          "primary_contrast": "#ffffff",
          "border": "#e5e7eb"
        }
      },
      "scheme-3": {
        "settings": {
          "background": "#111827",
          "background_gradient": "linear-gradient(145deg, #111827 0%, #1e1b4b 50%, #111827 100%)",
          "text": "#f9fafb",
          "text_secondary": "#9ca3af",
          "primary": "#818cf8",
          "primary_contrast": "#111827",
          "border": "#374151"
        }
      }
    }
  },
  "presets": {
    "Default": {
      "color_schemes": {
        "scheme-1": {
          "settings": {
            "background": "#ffffff",
            "background_gradient": "",
            "text": "#111827",
            "text_secondary": "#6b7280",
            "primary": "#4f46e5",
            "primary_contrast": "#ffffff",
            "border": "#e5e7eb"
          }
        },
        "scheme-2": {
          "settings": {
            "background": "#f9fafb",
            "background_gradient": "",
            "text": "#111827",
            "text_secondary": "#6b7280",
            "primary": "#4f46e5",
            "primary_contrast": "#ffffff",
            "border": "#e5e7eb"
          }
        },
        "scheme-3": {
          "settings": {
            "background": "#111827",
            "background_gradient": "linear-gradient(145deg, #111827 0%, #1e1b4b 50%, #111827 100%)",
            "text": "#f9fafb",
            "text_secondary": "#9ca3af",
            "primary": "#818cf8",
            "primary_contrast": "#111827",
            "border": "#374151"
          }
        }
      },
      "color_sale": "#dc2626",
      "type_body_font": "inter_n4",
      "type_header_font": "inter_n6",
      "body_scale": 100,
      "heading_scale": 100,
      "page_width": 1280,
      "page_vertical_padding": 80,
      "button_radius": 0,
      "button_border_width": 1,
      "button_shadow": "none",
      "card_radius": 0,
      "card_border_width": 0,
      "card_shadow": "none",
      "input_radius": 0,
      "input_border_width": 1,
      "logo_width": 120,
      "cart_type": "drawer"
    },
    "Bold": {
      "color_schemes": {
        "scheme-1": {
          "settings": {
            "background": "#ffffff",
            "background_gradient": "",
            "text": "#000000",
            "text_secondary": "#525252",
            "primary": "#ff5500",
            "primary_contrast": "#ffffff",
            "border": "#000000"
          }
        },
        "scheme-2": {
          "settings": {
            "background": "#f5f5f5",
            "background_gradient": "",
            "text": "#000000",
            "text_secondary": "#525252",
            "primary": "#ff5500",
            "primary_contrast": "#ffffff",
            "border": "#000000"
          }
        },
        "scheme-3": {
          "settings": {
            "background": "#000000",
            "background_gradient": "",
            "text": "#ffffff",
            "text_secondary": "#a3a3a3",
            "primary": "#ff5500",
            "primary_contrast": "#ffffff",
            "border": "#333333"
          }
        }
      },
      "color_sale": "#ff5500",
      "type_body_font": "ibm_plex_mono_n4",
      "type_header_font": "bebas_neue_n4",
      "body_scale": 95,
      "heading_scale": 140,
      "heading_letter_spacing": 50,
      "page_width": 1400,
      "page_vertical_padding": 48,
      "button_radius": 0,
      "button_border_width": 3,
      "button_shadow": "hard",
      "card_radius": 0,
      "card_border_width": 3,
      "card_shadow": "none",
      "input_radius": 0,
      "input_border_width": 3,
      "input_shadow": "hard",
      "logo_width": 160,
      "cart_type": "drawer"
    },
    "Noir": {
      "color_schemes": {
        "scheme-1": {
          "settings": {
            "background": "#0f0f0f",
            "background_gradient": "linear-gradient(145deg, #0f0f0f 0%, #1a1510 50%, #0f0f0f 100%)",
            "text": "#f5f5f5",
            "text_secondary": "#a0a0a0",
            "primary": "#c9a961",
            "primary_contrast": "#0f0f0f",
            "border": "#2a2a2a"
          }
        },
        "scheme-2": {
          "settings": {
            "background": "#1a1a1a",
            "background_gradient": "",
            "text": "#f5f5f5",
            "text_secondary": "#a0a0a0",
            "primary": "#c9a961",
            "primary_contrast": "#0f0f0f",
            "border": "#2a2a2a"
          }
        },
        "scheme-3": {
          "settings": {
            "background": "#f5f5f5",
            "background_gradient": "",
            "text": "#0f0f0f",
            "text_secondary": "#5a5a5a",
            "primary": "#9a7b3c",
            "primary_contrast": "#ffffff",
            "border": "#d0d0d0"
          }
        }
      },
      "color_sale": "#c9a961",
      "type_body_font": "tenor_sans_n4",
      "type_header_font": "playfair_display_n4",
      "body_scale": 100,
      "heading_scale": 110,
      "page_width": 1400,
      "page_vertical_padding": 120,
      "button_radius": 0,
      "button_border_width": 1,
      "button_shadow": "none",
      "card_radius": 0,
      "card_border_width": 1,
      "card_shadow": "none",
      "input_radius": 0,
      "input_border_width": 1,
      "logo_width": 140,
      "cart_type": "drawer"
    },
    "Edge": {
      "color_schemes": {
        "scheme-1": {
          "settings": {
            "background": "#0a0a0a",
            "background_gradient": "",
            "text": "#ededed",
            "text_secondary": "#737373",
            "primary": "#00d4ff",
            "primary_contrast": "#000000",
            "border": "#262626"
          }
        },
        "scheme-2": {
          "settings": {
            "background": "#171717",
            "background_gradient": "",
            "text": "#ededed",
            "text_secondary": "#737373",
            "primary": "#00d4ff",
            "primary_contrast": "#000000",
            "border": "#262626"
          }
        },
        "scheme-3": {
          "settings": {
            "background": "#ededed",
            "background_gradient": "",
            "text": "#0a0a0a",
            "text_secondary": "#525252",
            "primary": "#0099cc",
            "primary_contrast": "#000000",
            "border": "#d4d4d4"
          }
        }
      },
      "color_sale": "#00d4ff",
      "type_body_font": "ibm_plex_mono_n4",
      "type_header_font": "oswald_n5",
      "body_scale": 95,
      "heading_scale": 115,
      "heading_letter_spacing": 30,
      "page_width": 1440,
      "page_vertical_padding": 60,
      "button_radius": 0,
      "button_border_width": 1,
      "button_shadow": "none",
      "card_radius": 0,
      "card_border_width": 1,
      "card_shadow": "none",
      "input_radius": 0,
      "input_border_width": 1,
      "logo_width": 140,
      "cart_type": "drawer"
    },
    "Glow": {
      "color_schemes": {
        "scheme-1": {
          "settings": {
            "background": "#fffaf7",
            "background_gradient": "",
            "text": "#2d2a26",
            "text_secondary": "#8c8680",
            "primary": "#c77d6e",
            "primary_contrast": "#ffffff",
            "border": "#ebe5df"
          }
        },
        "scheme-2": {
          "settings": {
            "background": "#f5ede6",
            "background_gradient": "",
            "text": "#2d2a26",
            "text_secondary": "#8c8680",
            "primary": "#c77d6e",
            "primary_contrast": "#ffffff",
            "border": "#ddd5cb"
          }
        },
        "scheme-3": {
          "settings": {
            "background": "#2d2a26",
            "background_gradient": "linear-gradient(180deg, #2d2a26 0%, #1a1816 100%)",
            "text": "#fffaf7",
            "text_secondary": "#b5aea6",
            "primary": "#e0a090",
            "primary_contrast": "#2d2a26",
            "border": "#4a4540"
          }
        }
      },
      "color_sale": "#c77d6e",
      "type_body_font": "questrial_n4",
      "type_header_font": "cormorant_n5",
      "body_scale": 100,
      "heading_scale": 115,
      "page_width": 1100,
      "page_vertical_padding": 100,
      "button_radius": 100,
      "button_border_width": 1,
      "button_shadow": "none",
      "card_radius": 24,
      "card_border_width": 0,
      "card_shadow": "sm",
      "input_radius": 100,
      "input_border_width": 1,
      "input_shadow": "sm",
      "logo_width": 110,
      "cart_type": "drawer"
    }
  }
}
